Workbook

Sheet Weekly_Summary
B2: 每周工作总结与工时统计看板 (Weekly Work Summary)
B3: 自动按周维度（ISO Week）汇总各项目工时投入与关键交付产出物
B5: 当前选择周别： | C5: 2026-W31
B7: 本周总工时 (Hours) | D7: 涉及项目数 (Projects) | F7: 完成事项数 (Tasks)
B8: =SUMIFS(Worklog!D:D, Worklog!I:I, C5) -> 34.5 | D8: =COUNTA(B12:B15) -> 4 | F8: =COUNTIFS(Worklog!I:I, C5) -> 10
B10: 一、按项目汇总工时占比
B11: 项目名称 | C11: 核心任务模块 | D11: 投入工时 (h) | E11: 工时占比
B12: 系统重构项目 | C12: 核心开发、单元测试、性能调优、文档 | D12: =SUMIFS(Worklog!D:D, Worklog!H:H, B12, Worklog!I:I, $C$5) -> 16 | E12: =IF($B$8>0, D12/$B$8, 0) -> 0.46376812
B13: 厂区振动监测 | C13: 方案评审、硬件调试、数据分析 | D13: =SUMIFS(Worklog!D:D, Worklog!H:H, B13, Worklog!I:I, $C$5) -> 10 | E13: =IF($B$8>0, D13/$B$8, 0) -> 0.28985507
B14: 自动化运维平台 | C14: 需求分析、接口开发 | D14: =SUMIFS(Worklog!D:D, Worklog!H:H, B14, Worklog!I:I, $C$5) -> 6 | E14: =IF($B$8>0, D14/$B$8, 0) -> 0.17391304
B15: 日常运维与会议 | C15: 部门例会、跨团队沟通与日常排错 | D15: =SUMIFS(Worklog!D:D, Worklog!H:H, B15, Worklog!I:I, $C$5) -> 2.5 | E15: =IF($B$8>0, D15/$B$8, 0) -> 0.072463768
B16: 合计 / Total | C16: - | D16: =SUM(D12:D15) -> 34.5 | E16: =SUM(E12:E15) -> 1
B18: 二、本周项目关键进展与主要产出物
B19: 日期 | C19: 项目名称 | D19: 工作描述与进展 | E19: 主要产出物 / 交付件 | F19: 工时(h)
B20: {=IFERROR(INDEX(Worklog!B:B, SMALL(IF(Worklog!I:I=$C$5, ROW(Worklog!I:I)), ROW(1:1))), "")} -> 46230 | C20: {=IFERROR(INDEX(Worklog!H:H, SMALL(IF(Worklog!I:I=$C$5, ROW(Worklog!I:I)), ROW(1:1))), "")} -> 系统重构项目 | D20: {=IFERROR(INDEX(Worklog!A:A, SMALL(IF(Worklog!I:I=$C$5, ROW(Worklog!I:I)), ROW(1:1))), "")} -> 优化多线程并行处理算法，提升计算吞吐量 | E20: {=IFERROR(INDEX(Worklog!F:F, SMALL(IF(Worklog!I:I=$C$5, ROW(Worklog!I:I)), ROW(1:1))), "")} -> 产出核心算法模块 code PR #102 | F20: {=IFERROR(INDEX(Worklog!D:D, SMALL(IF(Worklog!I:I=$C$5, ROW(Worklog!I:I)), ROW(1:1))), "")} -> 3.5
B21: {=IFERROR(INDEX(Worklog!B:B, SMALL(IF(Worklog!I:I=$C$5, ROW(Worklog!I:I)), ROW(2:2))), "")} -> 2026-07-27 | C21: {=IFERROR(INDEX(Worklog!H:H, SMALL(IF(Worklog!I:I=$C$5, ROW(Worklog!I:I)), ROW(2:2))), "")} -> 系统重构项目 | D21: {=IFERROR(INDEX(Worklog!A:A, SMALL(IF(Worklog!I:I=$C$5, ROW(Worklog!I:I)), ROW(2:2))), "")} -> 编写并发边界条件与鲁棒性测试用例 | E21: {=IFERROR(INDEX(Worklog!F:F, SMALL(IF(Worklog!I:I=$C$5, ROW(Worklog!I:I)), ROW(2:2))), "")} -> 完成测试套件，覆盖率提升至88% | F21: {=IFERROR(INDEX(Worklog!D:D, SMALL(IF(Worklog!I:I=$C$5, ROW(Worklog!I:I)), ROW(2:2))), "")} -> 4.5
B22: {=IFERROR(INDEX(Worklog!B:B, SMALL(IF(Worklog!I:I=$C$5, ROW(Worklog!I:I)), ROW(3:3))), "")} -> 2026-07-28 | C22: {=IFERROR(INDEX(Worklog!H:H, SMALL(IF(Worklog!I:I=$C$5, ROW(Worklog!I:I)), ROW(3:3))), "")} -> 厂区振动监测 | D22: {=IFERROR(INDEX(Worklog!A:A, SMALL(IF(Worklog!I:I=$C$5, ROW(Worklog!I:I)), ROW(3:3))), "")} -> 与设施部对接传感器布置方案与现场环境规约 | E22: {=IFERROR(INDEX(Worklog!F:F, SMALL(IF(Worklog!I:I=$C$5, ROW(Worklog!I:I)), ROW(3:3))), "")} -> 确定4号厂房监测点位拓扑图 | F22: {=IFERROR(INDEX(Worklog!D:D, SMALL(IF(Worklog!I:I=$C$5, ROW(Worklog!I:I)), ROW(3:3))), "")} -> 2.5
B23: {=IFERROR(INDEX(Worklog!B:B, SMALL(IF(Worklog!I:I=$C$5, ROW(Worklog!I:I)), ROW(4:4))), "")} -> 2026-07-28 | C23: {=IFERROR(INDEX(Worklog!H:H, SMALL(IF(Worklog!I:I=$C$5, ROW(Worklog!I:I)), ROW(4:4))), "")} -> 厂区振动监测 | D23: {=IFERROR(INDEX(Worklog!A:A, SMALL(IF(Worklog!I:I=$C$5, ROW(Worklog!I:I)), ROW(4:4))), "")} -> 接入加速度传感器信号并校准1/3倍频程数据 | E23: {=IFERROR(INDEX(Worklog!F:F, SMALL(IF(Worklog!I:I=$C$5, ROW(Worklog!I:I)), ROW(4:4))), "")} -> 输出传感器频响校准报告.pdf | F23: {=IFERROR(INDEX(Worklog!D:D, SMALL(IF(Worklog!I:I=$C$5, ROW(Worklog!I:I)), ROW(4:4))), "")} -> 4.5
B24: {=IFERROR(INDEX(Worklog!B:B, SMALL(IF(Worklog!I:I=$C$5, ROW(Worklog!I:I)), ROW(5:5))), "")} -> 2026-07-29 | C24: {=IFERROR(INDEX(Worklog!H:H, SMALL(IF(Worklog!I:I=$C$5, ROW(Worklog!I:I)), ROW(5:5))), "")} -> 自动化运维平台 | D24: {=IFERROR(INDEX(Worklog!A:A, SMALL(IF(Worklog!I:I=$C$5, ROW(Worklog!I:I)), ROW(5:5))), "")} -> 梳理设备故障应急响应流程与告警触发机制 | E24: {=IFERROR(INDEX(Worklog!F:F, SMALL(IF(Worklog!I:I=$C$5, ROW(Worklog!I:I)), ROW(5:5))), "")} -> 完成应急响应流程图V1.2 | F24: {=IFERROR(INDEX(Worklog!D:D, SMALL(IF(Worklog!I:I=$C$5, ROW(Worklog!I:I)), ROW(5:5))), "")} -> 3
B25: {=IFERROR(INDEX(Worklog!B:B, SMALL(IF(Worklog!I:I=$C$5, ROW(Worklog!I:I)), ROW(6:6))), "")} -> 2026-07-29 | C25: {=IFERROR(INDEX(Worklog!H:H, SMALL(IF(Worklog!I:I=$C$5, ROW(Worklog!I:I)), ROW(6:6))), "")} -> 系统重构项目 | D25: {=IFERROR(INDEX(Worklog!A:A, SMALL(IF(Worklog!I:I=$C$5, ROW(Worklog!I:I)), ROW(6:6))), "")} -> 诊断高频数据采集卡顿问题，定位内存泄露点 | E25: {=IFERROR(INDEX(Worklog!F:F, SMALL(IF(Worklog!I:I=$C$5, ROW(Worklog!I:I)), ROW(6:6))), "")} -> 内存泄露修复补丁 PR #105 | F25: {=IFERROR(INDEX(Worklog!D:D, SMALL(IF(Worklog!I:I=$C$5, ROW(Worklog!I:I)), ROW(6:6))), "")} -> 4.5
B26: {=IFERROR(INDEX(Worklog!B:B, SMALL(IF(Worklog!I:I=$C$5, ROW(Worklog!I:I)), ROW(7:7))), "")} -> 2026-07-30 | C26: {=IFERROR(INDEX(Worklog!H:H, SMALL(IF(Worklog!I:I=$C$5, ROW(Worklog!I:I)), ROW(7:7))), "")} -> 厂区振动监测 | D26: {=IFERROR(INDEX(Worklog!A:A, SMALL(IF(Worklog!I:I=$C$5, ROW(Worklog!I:I)), ROW(7:7))), "")} -> 编写MATLAB自动化数据分析脚本，生成频谱图 | E26: {=IFERROR(INDEX(Worklog!F:F, SMALL(IF(Worklog!I:I=$C$5, ROW(Worklog!I:I)), ROW(7:7))), "")} -> MATLAB频谱分析处理工具包 | F26: {=IFERROR(INDEX(Worklog!D:D, SMALL(IF(Worklog!I:I=$C$5, ROW(Worklog!I:I)), ROW(7:7))), "")} -> 3
B27: {=IFERROR(INDEX(Worklog!B:B, SMALL(IF(Worklog!I:I=$C$5, ROW(Worklog!I:I)), ROW(8:8))), "")} -> 2026-07-30 | C27: {=IFERROR(INDEX(Worklog!H:H, SMALL(IF(Worklog!I:I=$C$5, ROW(Worklog!I:I)), ROW(8:8))), "")} -> 日常运维与会议 | D27: {=IFERROR(INDEX(Worklog!A:A, SMALL(IF(Worklog!I:I=$C$5, ROW(Worklog!I:I)), ROW(8:8))), "")} -> 参加部门周度例会及跨团队技术交底会 | E27: {=IFERROR(INDEX(Worklog!F:F, SMALL(IF(Worklog!I:I=$C$5, ROW(Worklog!I:I)), ROW(8:8))), "")} -> 周会会议纪要 | F27: {=IFERROR(INDEX(Worklog!D:D, SMALL(IF(Worklog!I:I=$C$5, ROW(Worklog!I:I)), ROW(8:8))), "")} -> 2.5
B28: {=IFERROR(INDEX(Worklog!B:B, SMALL(IF(Worklog!I:I=$C$5, ROW(Worklog!I:I)), ROW(9:9))), "")} -> 2026-07-31 | C28: {=IFERROR(INDEX(Worklog!H:H, SMALL(IF(Worklog!I:I=$C$5, ROW(Worklog!I:I)), ROW(9:9))), "")} -> 自动化运维平台 | D28: {=IFERROR(INDEX(Worklog!A:A, SMALL(IF(Worklog!I:I=$C$5, ROW(Worklog!I:I)), ROW(9:9))), "")} -> 开发工单自动派发 RESTful API 接口 | E28: {=IFERROR(INDEX(Worklog!F:F, SMALL(IF(Worklog!I:I=$C$5, ROW(Worklog!I:I)), ROW(9:9))), "")} -> API 接口文档与测试用例 | F28: {=IFERROR(INDEX(Worklog!D:D, SMALL(IF(Worklog!I:I=$C$5, ROW(Worklog!I:I)), ROW(9:9))), "")} -> 3
B29: {=IFERROR(INDEX(Worklog!B:B, SMALL(IF(Worklog!I:I=$C$5, ROW(Worklog!I:I)), ROW(10:10))), "")} -> 2026-07-31 | C29: {=IFERROR(INDEX(Worklog!H:H, SMALL(IF(Worklog!I:I=$C$5, ROW(Worklog!I:I)), ROW(10:10))), "")} -> 系统重构项目 | D29: {=IFERROR(INDEX(Worklog!A:A, SMALL(IF(Worklog!I:I=$C$5, ROW(Worklog!I:I)), ROW(10:10))), "")} -> 整理系统重构架构设计说明书与部署手册 | E29: {=IFERROR(INDEX(Worklog!F:F, SMALL(IF(Worklog!I:I=$C$5, ROW(Worklog!I:I)), ROW(10:10))), "")} -> 《系统重构技术架构文档 v1.0》 | F29: {=IFERROR(INDEX(Worklog!D:D, SMALL(IF(Worklog!I:I=$C$5, ROW(Worklog!I:I)), ROW(10:10))), "")} -> 3.5
B30: {=IFERROR(INDEX(Worklog!B:B, SMALL(IF(Worklog!I:I=$C$5, ROW(Worklog!I:I)), ROW(11:11))), "")} | C30: {=IFERROR(INDEX(Worklog!H:H, SMALL(IF(Worklog!I:I=$C$5, ROW(Worklog!I:I)), ROW(11:11))), "")} | D30: {=IFERROR(INDEX(Worklog!A:A, SMALL(IF(Worklog!I:I=$C$5, ROW(Worklog!I:I)), ROW(11:11))), "")} | E30: {=IFERROR(INDEX(Worklog!F:F, SMALL(IF(Worklog!I:I=$C$5, ROW(Worklog!I:I)), ROW(11:11))), "")} | F30: {=IFERROR(INDEX(Worklog!D:D, SMALL(IF(Worklog!I:I=$C$5, ROW(Worklog!I:I)), ROW(11:11))), "")}
B31: {=IFERROR(INDEX(Worklog!B:B, SMALL(IF(Worklog!I:I=$C$5, ROW(Worklog!I:I)), ROW(12:12))), "")} | C31: {=IFERROR(INDEX(Worklog!H:H, SMALL(IF(Worklog!I:I=$C$5, ROW(Worklog!I:I)), ROW(12:12))), "")} | D31: {=IFERROR(INDEX(Worklog!A:A, SMALL(IF(Worklog!I:I=$C$5, ROW(Worklog!I:I)), ROW(12:12))), "")} | E31: {=IFERROR(INDEX(Worklog!F:F, SMALL(IF(Worklog!I:I=$C$5, ROW(Worklog!I:I)), ROW(12:12))), "")} | F31: {=IFERROR(INDEX(Worklog!D:D, SMALL(IF(Worklog!I:I=$C$5, ROW(Worklog!I:I)), ROW(12:12))), "")}
B33: 三、下周工作计划 (Next Week Plan)
B34: 序号 | C34: 拟推进项目 | D34: 计划工作内容与目标 | E34: 预计工时(h) | F34: 优先级
B35: 1 | C35: 系统重构项目 | D35: 完成多线程模块与主流水线的集成测试，准备Staging环境部署 | E35: 12 | F35: High
B36: 2 | C36: 厂区振动监测 | D36: 完成现场传感器数据采集联调，编写结构微振动分析报告 | E36: 10 | F36: High
B37: 3 | C37: 自动化运维平台 | D37: 对接事件告警推送接口，完成工单流转逻辑验证 | E37: 10 | F37: Medium
B38: 4 | C38: 日常运维与团队 | D38: 参与设备预防性维护评审会，整理相关技术文档 | E38: 8 | F38: Medium

Sheet Worklog
A1: 任务描述与进展 | B1: 日期 | C1: 开始时间 | D1: 工时(h) | E1: 结束时间 | F1: 产出物/交付件 | G1: 任务模块/类别 | H1: 项目名称 | I1: 周别(ISO)
A2: 优化多线程并行处理算法，提升计算吞吐量 | B2: 46230 | C2: 09:00 | D2: =IF(AND(C2<>"",E2<>""),(E2-C2)*24,0) -> 3.5 | E2: 12:30 | F2: 产出核心算法模块 code PR #102 | G2: 核心开发 | H2: 系统重构项目 | I2: =TEXT(B2,"yyyy")&"-W"&TEXT(_xlfn.ISOWEEKNUM(B2),"00") -> 2026-W31
A3: 编写并发边界条件与鲁棒性测试用例 | B3: 2026-07-27 | C3: 13:30 | D3: =IF(AND(C3<>"",E3<>""),(E3-C3)*24,0) -> 4.5 | E3: 18:00 | F3: 完成测试套件，覆盖率提升至88% | G3: 单元测试 | H3: 系统重构项目 | I3: =TEXT(B3,"yyyy")&"-W"&TEXT(_xlfn.ISOWEEKNUM(B3),"00") -> 2026-W31
A4: 与设施部对接传感器布置方案与现场环境规约 | B4: 2026-07-28 | C4: 09:30 | D4: =IF(AND(C4<>"",E4<>""),(E4-C4)*24,0) -> 2.5 | E4: 12:00 | F4: 确定4号厂房监测点位拓扑图 | G4: 方案评审 | H4: 厂区振动监测 | I4: =TEXT(B4,"yyyy")&"-W"&TEXT(_xlfn.ISOWEEKNUM(B4),"00") -> 2026-W31
A5: 接入加速度传感器信号并校准1/3倍频程数据 | B5: 2026-07-28 | C5: 13:00 | D5: =IF(AND(C5<>"",E5<>""),(E5-C5)*24,0) -> 4.5 | E5: 17:30 | F5: 输出传感器频响校准报告.pdf | G5: 硬件调试 | H5: 厂区振动监测 | I5: =TEXT(B5,"yyyy")&"-W"&TEXT(_xlfn.ISOWEEKNUM(B5),"00") -> 2026-W31
A6: 梳理设备故障应急响应流程与告警触发机制 | B6: 2026-07-29 | C6: 09:00 | D6: =IF(AND(C6<>"",E6<>""),(E6-C6)*24,0) -> 3 | E6: 12:00 | F6: 完成应急响应流程图V1.2 | G6: 需求分析 | H6: 自动化运维平台 | I6: =TEXT(B6,"yyyy")&"-W"&TEXT(_xlfn.ISOWEEKNUM(B6),"00") -> 2026-W31
A7: 诊断高频数据采集卡顿问题，定位内存泄露点 | B7: 2026-07-29 | C7: 13:30 | D7: =IF(AND(C7<>"",E7<>""),(E7-C7)*24,0) -> 4.5 | E7: 18:00 | F7: 内存泄露修复补丁 PR #105 | G7: 性能调优 | H7: 系统重构项目 | I7: =TEXT(B7,"yyyy")&"-W"&TEXT(_xlfn.ISOWEEKNUM(B7),"00") -> 2026-W31
A8: 编写MATLAB自动化数据分析脚本，生成频谱图 | B8: 2026-07-30 | C8: 09:00 | D8: =IF(AND(C8<>"",E8<>""),(E8-C8)*24,0) -> 3 | E8: 12:00 | F8: MATLAB频谱分析处理工具包 | G8: 数据分析 | H8: 厂区振动监测 | I8: =TEXT(B8,"yyyy")&"-W"&TEXT(_xlfn.ISOWEEKNUM(B8),"00") -> 2026-W31
A9: 参加部门周度例会及跨团队技术交底会 | B9: 2026-07-30 | C9: 14:00 | D9: =IF(AND(C9<>"",E9<>""),(E9-C9)*24,0) -> 2.5 | E9: 16:30 | F9: 周会会议纪要 | G9: 例会/沟通 | H9: 日常运维与会议 | I9: =TEXT(B9,"yyyy")&"-W"&TEXT(_xlfn.ISOWEEKNUM(B9),"00") -> 2026-W31
A10: 开发工单自动派发 RESTful API 接口 | B10: 2026-07-31 | C10: 09:00 | D10: =IF(AND(C10<>"",E10<>""),(E10-C10)*24,0) -> 3 | E10: 12:00 | F10: API 接口文档与测试用例 | G10: 接口开发 | H10: 自动化运维平台 | I10: =TEXT(B10,"yyyy")&"-W"&TEXT(_xlfn.ISOWEEKNUM(B10),"00") -> 2026-W31
A11: 整理系统重构架构设计说明书与部署手册 | B11: 2026-07-31 | C11: 13:30 | D11: =IF(AND(C11<>"",E11<>""),(E11-C11)*24,0) -> 3.5 | E11: 17:00 | F11: 《系统重构技术架构文档 v1.0》 | G11: 文档编写 | H11: 系统重构项目 | I11: =TEXT(B11,"yyyy")&"-W"&TEXT(_xlfn.ISOWEEKNUM(B11),"00") -> 2026-W31
